id,name,create_date,sent_date,subscription_name,sent,open,delivered,bounce,unsubscribed,click,reply,dropped,selected,spamreport,suppressed,hardbounced,softbounced,pending,contactslost,notsent
162156654358,Mail 1: Rederinido o Futuro do Atendimento no Setor de Energía Elétrica,2024-03-26,2024-03-26,Nada,1,1.0,1.0,0.0,0.0,1.0,0.0,0.0,1.0,0.0,0.0,0.0,0.0,0.0,0.0,0.0
162152480689,Newsletter - 26 marzo,2024-03-26,2024-03-26,Debmedia Blog Subscription,554,105.0,553.0,1.0,0.0,5.0,0.0,186.0,1496.0,0.0,756.0,1.0,0.0,0.0,1.0,942.0
161300426017,Newsletter - 19 marzo,2024-03-19,2024-03-19,Debmedia Blog Subscription,572,101.0,571.0,1.0,1.0,7.0,0.0,182.0,1493.0,0.0,739.0,0.0,1.0,0.0,1.0,921.0
160489152150,Recordatorio 4 horas antes Dinner & Networking MX Marzo 2024,2024-03-12,2024-03-14,Nada,10,5.0,9.0,1.0,0.0,2.0,0.0,1.0,13.0,0.0,2.0,0.0,1.0,0.0,0.0,3.0
160485347764,Recordatorio 2 días antes Dinner & Networking MX Marzo 2024,2024-03-12,2024-03-12,Nada,10,5.0,9.0,1.0,0.0,0.0,2.0,1.0,13.0,0.0,2.0,0.0,1.0,0.0,0.0,3.0
160432001291,Newsletter - 12 de marzo,2024-03-12,2024-03-12,Debmedia Blog Subscription,592,109.0,592.0,0.0,1.0,2.0,0.0,182.0,1489.0,1.0,715.0,0.0,0.0,0.0,2.0,897.0
159843777329,Mail 2 días después NO ASISTENTES Kick Off Partners marzo 2024,2024-03-07,2024-03-07,Nada,30,15.0,30.0,0.0,0.0,6.0,0.0,0.0,33.0,0.0,3.0,0.0,0.0,0.0,0.0,3.0
159809069197,Mail 2 días después SÍ ASISTIÓ Kick Off Partners marzo 2024,2024-03-07,2024-03-07,Nada,19,16.0,19.0,0.0,0.0,4.0,0.0,1.0,23.0,0.0,3.0,0.0,0.0,0.0,0.0,4.0
159707869528,Información estacionamiento Wine & Networking Marzo 2024,2024-03-06,2024-03-06,Nada,8,2.0,8.0,0.0,0.0,0.0,0.0,1.0,10.0,0.0,1.0,0.0,0.0,0.0,0.0,2.0
159367219858,Recordatorio horas antes Wine & Networking Marzo 2024,2024-03-04,2024-03-06,Nada,8,2.0,8.0,0.0,0.0,0.0,0.0,1.0,10.0,0.0,1.0,0.0,0.0,0.0,0.0,2.0
159364836637,Recordatorio 1 día antes Wine & Networking Marzo 2024,2024-03-04,2024-03-05,Nada,42,10.0,41.0,1.0,0.0,0.0,2.0,1.0,45.0,0.0,2.0,0.0,1.0,0.0,0.0,3.0
158050687131,Recordatorio 10 min Kick Off Partners Debmedia,2024-02-22,2024-03-05,Nada,49,28.0,49.0,0.0,0.0,18.0,1.0,1.0,54.0,0.0,4.0,0.0,0.0,0.0,0.0,5.0
159430206311,2da Invitación Dinner & Networking México Marzo 2024,2024-03-04,2024-03-05,Nada,30,14.0,28.0,2.0,0.0,2.0,2.0,0.0,31.0,0.0,1.0,0.0,2.0,0.0,0.0,1.0
159497854299,Newsletter - 27 de febrero,2024-03-05,2024-03-05,Debmedia Blog Subscription,609,124.0,607.0,2.0,1.0,3.0,0.0,178.0,1484.0,0.0,697.0,2.0,0.0,0.0,3.0,875.0
158918689689,Wine & Networking Follow Up Speakers,2024-02-29,2024-02-29,Nada,33,10.0,32.0,1.0,0.0,0.0,2.0,1.0,36.0,0.0,2.0,0.0,1.0,0.0,0.0,3.0
158605913647,Invitación Dinner & Networking México Marzo 2024,2024-02-27,2024-02-27,Nada,30,13.0,28.0,2.0,0.0,1.0,1.0,0.0,32.0,0.0,2.0,0.0,2.0,0.0,0.0,2.0
158430114946,Confirmación registro Dinner &Networking México Marzo 2024,2024-02-26,2024-02-27,Nada,14,8.0,12.0,2.0,0.0,0.0,0.0,0.0,16.0,0.0,2.0,1.0,1.0,0.0,1.0,2.0
158550100357,Newsletter - 27 de febrero,2024-02-27,2024-02-27,Debmedia Blog Subscription,660,108.0,659.0,1.0,1.0,2.0,0.0,175.0,1466.0,0.0,631.0,0.0,1.0,0.0,1.0,806.0
6101046575,Primer Mail Autoresponder,2018-08-23,2024-02-26,Marketing Information,9350,4836.0,8851.0,499.0,93.0,584.0,739.0,298.0,9846.0,2.0,198.0,474.0,25.0,0.0,569.0,496.0
158043992328,Confirmación registro Kick Off Partners marzo 2024,2024-02-22,2024-02-23,Nada,51,33.0,51.0,0.0,0.0,21.0,1.0,0.0,56.0,0.0,5.0,0.0,0.0,0.0,0.0,5.0
157673295497,Newsletter - 20 de febrero,2024-02-20,2024-02-20,Debmedia Blog Subscription,682,167.0,681.0,1.0,1.0,7.0,0.0,176.0,1450.0,0.0,592.0,0.0,1.0,0.0,1.0,768.0
157582710171,Mail Confirmación Cena Argentina Marzo Banca,2024-02-19,2024-02-19,Nada,12,8.0,12.0,0.0,0.0,0.0,0.0,1.0,14.0,0.0,1.0,0.0,0.0,0.0,0.0,2.0
156668779356,Newsletter - 13 de febrero,2024-02-13,2024-02-13,Debmedia Blog Subscription,727,128.0,725.0,2.0,3.0,4.0,0.0,173.0,1445.0,0.0,545.0,1.0,1.0,0.0,4.0,718.0
114295488177,Mail 2: Campaña ebook transformación digital en canales de atención,2023-05-04,2024-02-06,Nada,706,186.0,706.0,0.0,5.0,0.0,0.0,34.0,740.0,1.0,0.0,0.0,0.0,0.0,6.0,34.0
114295780782,Mail 3: Campaña ebook Transformación digital en canales de atención,2023-05-04,2024-02-06,Nada,700,310.0,699.0,1.0,7.0,188.0,0.0,27.0,727.0,0.0,0.0,1.0,0.0,0.0,8.0,27.0
155683821152,Newsletter - 6 de febrero,2024-02-05,2024-02-06,Debmedia Blog Subscription,741,119.0,740.0,1.0,1.0,1.0,0.0,172.0,1439.0,0.0,526.0,0.0,1.0,0.0,1.0,698.0
154906307253,Newsletter - 30 de enero,2024-01-30,2024-01-30,Debmedia Blog Subscription,766,163.0,765.0,1.0,3.0,6.0,0.0,169.0,1425.0,0.0,490.0,0.0,1.0,0.0,3.0,659.0
153879401580,Newsletter - 23 de enero,2024-01-22,2024-01-23,Debmedia Blog Subscription,761,178.0,758.0,3.0,2.0,6.0,0.0,164.0,1410.0,0.0,485.0,2.0,1.0,0.0,4.0,649.0
153092478099,Newsletter - 16 de enero,2024-01-15,2024-01-16,Debmedia Blog Subscription,881,146.0,879.0,2.0,1.0,8.0,0.0,163.0,1392.0,0.0,348.0,0.0,2.0,0.0,1.0,511.0
152467232165,Newsletter -9 enero,2024-01-09,2024-01-09,Debmedia Blog Subscription,888,215.0,885.0,3.0,1.0,13.0,0.0,156.0,1368.0,0.0,324.0,1.0,2.0,0.0,2.0,480.0
150565229619,Newsletter -19 dic,2023-12-19,2023-12-19,Debmedia Blog Subscription,843,153.0,841.0,2.0,4.0,10.0,0.0,142.0,1298.0,0.0,313.0,0.0,2.0,0.0,4.0,455.0
149588553584,Newsletter -12 dic,2023-12-12,2023-12-12,Debmedia Blog Subscription,875,143.0,873.0,2.0,4.0,6.0,0.0,140.0,1282.0,1.0,267.0,0.0,2.0,0.0,5.0,407.0
148586688366,Newsletter -5 dic,2023-12-05,2023-12-05,Debmedia Blog Subscription,873,131.0,871.0,2.0,5.0,5.0,0.0,133.0,1264.0,0.0,258.0,0.0,2.0,0.0,5.0,391.0
147513520952,Newsletter - 20 nov,2023-11-28,2023-11-28,Debmedia Blog Subscription,889,192.0,885.0,4.0,4.0,6.0,0.0,126.0,1250.0,0.0,235.0,3.0,1.0,0.0,7.0,361.0
147417238321,Invitación Cata de Vinos 5 diciembre Salud Bogotá,2023-11-27,2023-11-27,Marketing Information,2,1.0,2.0,0.0,0.0,0.0,0.0,0.0,2.0,0.0,0.0,0.0,0.0,0.0,0.0,0.0
146885924518,Invitación Cata de Vinos 5 diciembre Salud Bogotá,2023-11-23,2023-11-27,Marketing Information,30,9.0,30.0,0.0,0.0,1.0,2.0,3.0,33.0,0.0,0.0,0.0,0.0,0.0,0.0,3.0
146615508500,Invitación fiesta de Fin de Año,2023-11-22,2023-11-22,Nada,42,42.0,42.0,0.0,0.0,32.0,0.0,0.0,43.0,0.0,1.0,0.0,0.0,0.0,0.0,1.0
144969696679,Recordatorio 10 min antes Webinar Partners noviembre 2023,2023-11-10,2023-11-22,Nada,116,46.0,111.0,5.0,0.0,9.0,0.0,33.0,248.0,0.0,99.0,1.0,4.0,0.0,1.0,132.0
146464502929,Cancelación Cata de Vinos 22 Noviembre Salud Bogotá,2023-11-21,2023-11-21,Marketing Information,21,4.0,21.0,0.0,0.0,0.0,0.0,3.0,24.0,0.0,0.0,0.0,0.0,0.0,0.0,3.0
146360230545,Newsletter - 20 nov,2023-11-21,2023-11-21,Debmedia Blog Subscription,877,161.0,872.0,5.0,1.0,4.0,0.0,120.0,1230.0,0.0,233.0,4.0,1.0,0.0,5.0,353.0
144822612995,Mail 3: Invitación Webinar Partners noviembre 2023,2023-11-09,2023-11-20,Nada,119,38.0,115.0,4.0,0.0,0.0,0.0,33.0,248.0,0.0,96.0,0.0,4.0,0.0,0.0,129.0
145927643740,Recordatorio Cata de Vinos 22 Noviembre Salud Bogotá,2023-11-17,2023-11-17,Marketing Information,22,7.0,22.0,0.0,0.0,1.0,0.0,3.0,25.0,0.0,0.0,0.0,0.0,0.0,0.0,3.0
145637466536,Invitación Cata de Vinos 22 Noviembre Salud Bogotá,2023-11-15,2023-11-16,Marketing Information,1,1.0,1.0,0.0,0.0,0.0,0.0,0.0,1.0,0.0,0.0,0.0,0.0,0.0,0.0,0.0
144822813780,Mail 2: Invitación Webinar Partners noviembre 2023,2023-11-09,2023-11-16,Nada,122,47.0,118.0,4.0,0.0,13.0,0.0,33.0,248.0,0.0,93.0,0.0,4.0,0.0,0.0,126.0
145524424254,Invitación Cata de Vinos 22 Noviembre Salud Bogotá,2023-11-14,2023-11-14,Marketing Information,1,0.0,1.0,0.0,0.0,0.0,0.0,0.0,1.0,0.0,0.0,0.0,0.0,0.0,0.0,0.0
145520379275,Invitación Cata de Vinos 22 Noviembre Salud Bogotá,2023-11-14,2023-11-14,Marketing Information,1,1.0,1.0,0.0,0.0,0.0,0.0,0.0,1.0,0.0,0.0,0.0,0.0,0.0,0.0,0.0
145501581389,Invitación Cata de Vinos 22 Noviembre Salud Bogotá,2023-11-14,2023-11-14,Marketing Information,20,5.0,20.0,0.0,0.0,0.0,0.0,3.0,23.0,0.0,0.0,0.0,0.0,0.0,0.0,3.0
145478553122,Invitación Cata de Vinos 22 Noviembre Salud Bogotá,2023-11-14,2023-11-14,Marketing Information,21,7.0,20.0,1.0,0.0,1.0,0.0,2.0,23.0,0.0,0.0,1.0,0.0,0.0,1.0,2.0
144810177902,Mail 1: Invitación Webinar Partners noviembre 2023,2023-11-09,2023-11-13,Nada,127,48.0,120.0,7.0,0.0,10.0,0.0,30.0,248.0,0.0,91.0,3.0,4.0,0.0,3.0,121.0
144823710988,Mail Confirmación de registro Webinar Partners noviembre 2023,2023-11-09,2023-11-09,Nada,24,16.0,24.0,0.0,0.0,10.0,0.0,1.0,25.0,0.0,0.0,0.0,0.0,0.0,0.0,1.0
144595212875,Invitación Tempetié 15 Noviembre Argentina Banca,2023-11-08,2023-11-08,Marketing Information,16,12.0,16.0,0.0,0.0,10.0,1.0,0.0,17.0,0.0,1.0,0.0,0.0,0.0,0.0,1.0
144527921682,Invitación Evento Banca Brasil 9 de nov (Clon),2023-11-08,2023-11-08,Marketing Information,1,0.0,1.0,0.0,0.0,0.0,0.0,0.0,1.0,0.0,0.0,0.0,0.0,0.0,0.0,0.0
144379110562,Invitación Evento Banca Brasil 9 de nov,2023-11-07,2023-11-07,Marketing Information,7,2.0,6.0,1.0,0.0,0.0,0.0,0.0,7.0,0.0,0.0,1.0,0.0,0.0,1.0,0.0
144342588451,Invitación Evento Banca Brasil 9 de nov (Clon),2023-11-07,2023-11-07,Marketing Information,1,0.0,1.0,0.0,0.0,0.0,0.0,0.0,1.0,0.0,0.0,0.0,0.0,0.0,0.0,0.0
143744053277,Invitación Evento Banca Brasil 9 de nov,2023-11-03,2023-11-07,Marketing Information,8,1.0,8.0,0.0,0.0,0.0,0.0,0.0,8.0,0.0,0.0,0.0,0.0,0.0,0.0,0.0
143096665257,Recordatorio Evento Banca Brasil 9 de nov,2023-11-01,2023-11-01,Marketing Information,12,4.0,12.0,0.0,0.0,3.0,0.0,0.0,12.0,0.0,0.0,0.0,0.0,0.0,0.0,0.0
142764564263,Invitación para Do Brasil Evento Banca,2023-10-30,2023-10-30,Marketing Information,1,0.0,1.0,0.0,0.0,0.0,0.0,0.0,1.0,0.0,0.0,0.0,0.0,0.0,0.0,0.0
142011344487,Invitación Evento Banca Brasil 9 de nov,2023-10-25,2023-10-26,Marketing Information,20,3.0,20.0,0.0,0.0,0.0,0.0,0.0,20.0,0.0,0.0,0.0,0.0,0.0,0.0,0.0
141716059301,Newsletter - 24 oct,2023-10-24,2023-10-24,Debmedia Blog Subscription,828,146.0,823.0,5.0,3.0,2.0,0.0,104.0,1156.0,1.0,224.0,4.0,1.0,0.0,8.0,328.0
141610959201,2do recordatorio Evento Banca Paraguay 26 de octubre,2023-10-23,2023-10-23,Marketing Information,15,5.0,14.0,1.0,0.0,3.0,0.0,3.0,21.0,0.0,3.0,0.0,1.0,0.0,0.0,6.0
140860551578,Invitación Evento Banca Paraguay 26 de octubre (Clon),2023-10-18,2023-10-18,Marketing Information,3,1.0,3.0,0.0,0.0,1.0,1.0,0.0,3.0,0.0,0.0,0.0,0.0,0.0,0.0,0.0
140492297543,Newsletter - 17 oct,2023-10-16,2023-10-17,Debmedia Blog Subscription,821,218.0,820.0,1.0,3.0,21.0,0.0,100.0,1144.0,0.0,223.0,0.0,1.0,0.0,3.0,323.0
139580929666,Cancelación Tempetié octubre Argentina Banca,2023-10-10,2023-10-10,Marketing Information,9,8.0,9.0,0.0,0.0,4.0,0.0,0.0,10.0,0.0,1.0,0.0,0.0,0.0,0.0,1.0
139367870229,Newsletter - 9 oct,2023-10-09,2023-10-10,Debmedia Blog Subscription,827,188.0,817.0,10.0,7.0,9.0,0.0,82.0,1128.0,0.0,219.0,9.0,1.0,0.0,16.0,301.0
139079560332,Invitación Evento Banca Paraguay 26 de octubre,2023-10-06,2023-10-06,Marketing Information,8,2.0,6.0,2.0,0.0,1.0,0.0,2.0,13.0,0.0,3.0,1.0,1.0,0.0,1.0,5.0
81915881339,Mail 4: Flujo Suscriptores newsletter,2022-08-13,2023-10-05,Nada,329,54.0,329.0,0.0,1.0,0.0,0.0,36.0,373.0,0.0,8.0,0.0,0.0,0.0,1.0,44.0
81917965397,Mail 3: Flujo Suscriptores newsletter,2022-08-13,2023-10-05,Nada,338,70.0,338.0,0.0,1.0,1.0,0.0,34.0,374.0,0.0,2.0,0.0,0.0,0.0,1.0,36.0
81918008722,Mail 2: Flujo Suscriptores newsletter,2022-08-13,2023-10-05,Nada,340,72.0,338.0,2.0,2.0,3.0,0.0,33.0,374.0,0.0,1.0,1.0,1.0,0.0,3.0,34.0
81881824411,Mail 1: Flujo Suscriptores newsletter,2022-08-13,2023-10-05,Nada,348,96.0,347.0,1.0,7.0,4.0,0.0,26.0,374.0,0.0,0.0,1.0,0.0,0.0,8.0,26.0
137961018791,Invitación Tempetié Abril Argentina Banca 4 envío,2023-10-04,2023-10-04,Marketing Information,1,0.0,1.0,0.0,0.0,0.0,0.0,0.0,1.0,0.0,0.0,0.0,0.0,0.0,0.0,0.0
137483708241,Newsletter - 2 oct,2023-10-02,2023-10-03,Debmedia Blog Subscription,188,76.0,188.0,0.0,1.0,2.0,0.0,151.0,1294.0,0.0,955.0,0.0,0.0,0.0,1.0,1106.0
137118182217,Invitación Tempetié Abril Argentina Banca 3 envío,2023-09-29,2023-09-29,Marketing Information,2,1.0,2.0,0.0,0.0,0.0,0.0,0.0,2.0,0.0,0.0,0.0,0.0,0.0,0.0,0.0
136462569024,Newsletter - 26 sep,2023-09-25,2023-09-26,Debmedia Blog Subscription,190,64.0,190.0,0.0,0.0,0.0,0.0,151.0,1293.0,0.0,952.0,0.0,0.0,0.0,0.0,1103.0
135994215731,Invitación Tempetié Abril Argentina Banca,2023-09-21,2023-09-25,Marketing Information,6,3.0,6.0,0.0,0.0,2.0,1.0,0.0,6.0,0.0,0.0,0.0,0.0,0.0,0.0,0.0
135967763864,Invitación Tempetié Abril Argentina Banca,2023-09-21,2023-09-21,Marketing Information,9,5.0,9.0,0.0,0.0,3.0,1.0,0.0,10.0,0.0,1.0,0.0,0.0,0.0,0.0,1.0
135462165627,Newsletter - 19 sep,2023-09-18,2023-09-19,Debmedia Blog Subscription,193,69.0,193.0,0.0,0.0,2.0,0.0,151.0,1293.0,0.0,949.0,0.0,0.0,0.0,0.0,1100.0
134535616835,Newsletter - 12 sep,2023-09-12,2023-09-12,Debmedia Blog Subscription,195,64.0,195.0,0.0,0.0,2.0,0.0,151.0,1291.0,0.0,945.0,0.0,0.0,0.0,0.0,1096.0
132926866274,Newsletter - 5 sep,2023-09-01,2023-09-05,Debmedia Blog Subscription,195,72.0,195.0,0.0,0.0,4.0,0.0,151.0,1291.0,0.0,945.0,0.0,0.0,0.0,0.0,1096.0
132929933341,Mail 3: Campaña ebook Laboratorios Brasil,2023-09-01,2023-09-01,Nada,62,14.0,62.0,0.0,0.0,4.0,0.0,2.0,64.0,0.0,0.0,0.0,0.0,0.0,0.0,2.0
132930144576,Mail 2: Campaña ebook Laboratorios Brasil,2023-09-01,2023-09-01,Nada,93,28.0,93.0,0.0,0.0,0.0,0.0,4.0,97.0,0.0,0.0,0.0,0.0,0.0,0.0,4.0
132927488270,Mail 1: Campaña ebook Laboratorios Brasil,2023-09-01,2023-09-01,Nada,96,52.0,95.0,1.0,1.0,37.0,0.0,1.0,97.0,0.0,0.0,0.0,1.0,0.0,1.0,1.0
131698114618,Newsletter - 29 agosto,2023-08-25,2023-08-29,Debmedia Blog Subscription,222,93.0,222.0,0.0,0.0,2.0,0.0,152.0,1291.0,0.0,917.0,0.0,0.0,0.0,0.0,1069.0
130762032938,Newsletter - 15 agosto,2023-08-18,2023-08-22,Debmedia Blog Subscription,225,80.0,225.0,0.0,0.0,4.0,0.0,151.0,1291.0,0.0,915.0,0.0,0.0,0.0,0.0,1066.0
130015231031,Newsletter - 15 agosto,2023-08-14,2023-08-15,Debmedia Blog Subscription,227,72.0,227.0,0.0,0.0,1.0,0.0,150.0,1287.0,0.0,910.0,0.0,0.0,0.0,0.0,1060.0
128466071853,Newsletter: Modelos de atención,2023-08-05,2023-08-08,Debmedia Blog Subscription,227,95.0,227.0,0.0,0.0,3.0,0.0,150.0,1285.0,0.0,908.0,0.0,0.0,0.0,0.0,1058.0
127699296047,Newsletter - 1 agosto,2023-07-31,2023-08-01,Debmedia Blog Subscription,226,98.0,226.0,0.0,0.0,5.0,0.0,150.0,1282.0,0.0,906.0,0.0,0.0,0.0,0.0,1056.0
126825053750,Newsletter - 25 de julio,2023-07-24,2023-07-25,Debmedia Blog Subscription,232,99.0,232.0,0.0,2.0,7.0,0.0,149.0,1283.0,0.0,902.0,0.0,0.0,0.0,2.0,1051.0
124812212769,Mail 3: Invitación Webinar Partners Julio 2023,2023-07-14,2023-07-24,Nada,117,46.0,117.0,0.0,0.0,8.0,0.0,26.0,236.0,0.0,93.0,0.0,0.0,0.0,0.0,119.0
125631603608,Comunicado Novedad 20 de julio 2023,2023-07-20,2023-07-20,Marketing Information,916,309.0,898.0,18.0,2.0,6.0,0.0,272.0,1818.0,0.0,630.0,1.0,17.0,0.0,3.0,902.0
124808824754,Mail 2: Invitación Webinar Partners Julio 2023,2023-07-14,2023-07-20,Nada,123,47.0,122.0,1.0,0.0,5.0,0.0,26.0,236.0,0.0,87.0,0.0,1.0,0.0,0.0,113.0
125516985438,Recordatorio Cena evento Banca México,2023-07-19,2023-07-20,Marketing Information,10,6.0,8.0,2.0,0.0,0.0,0.0,0.0,11.0,0.0,1.0,0.0,2.0,0.0,0.0,1.0
125050851400,Newsletter - 18 de julio,2023-07-17,2023-07-18,Debmedia Blog Subscription,246,89.0,246.0,0.0,0.0,4.0,0.0,149.0,1284.0,0.0,889.0,0.0,0.0,0.0,0.0,1038.0
125185060096,Aviso a los comerciales de bajo seguimiento,2023-07-17,2023-07-17,Equipo de Sales & Marketing,0,,,,,,,,,,,,,,,
123007665557,3ra Invitación México Cena evento Banca 20 julio,2023-06-30,2023-07-17,Marketing Information,25,7.0,24.0,1.0,0.0,0.0,2.0,0.0,27.0,0.0,2.0,0.0,1.0,0.0,0.0,2.0
124787966567,Mail 1: Invitación Webinar Partners Julio 2023,2023-07-14,2023-07-17,Nada,130,57.0,128.0,2.0,1.0,11.0,0.0,25.0,236.0,0.0,81.0,0.0,2.0,0.0,1.0,106.0
124834763831,Comunicado Novedad presentada en actualización del sistema julio,2023-07-14,2023-07-15,Marketing Information,946,336.0,911.0,35.0,0.0,8.0,0.0,254.0,1813.0,0.0,613.0,17.0,18.0,0.0,17.0,867.0
124813629048,Confirmación registro Webinar Partners julio 2023,2023-07-14,2023-07-14,Nada,47,31.0,46.0,1.0,0.0,21.0,0.0,0.0,50.0,0.0,3.0,1.0,0.0,0.0,1.0,3.0
124060024929,Newsletter - 11 de julio,2023-07-10,2023-07-11,Debmedia Blog Subscription,246,110.0,246.0,0.0,0.0,6.0,0.0,149.0,1284.0,0.0,889.0,0.0,0.0,0.0,0.0,1038.0
123009404492,2da Invitación México Cena evento Banca 20 julio,2023-06-30,2023-07-07,Marketing Information,27,6.0,25.0,2.0,0.0,0.0,3.0,0.0,27.0,0.0,0.0,0.0,2.0,0.0,0.0,0.0
123481139815,Recordatorio Cena evento Banca Colombia,2023-07-05,2023-07-05,Marketing Information,14,6.0,14.0,0.0,0.0,0.0,1.0,1.0,15.0,0.0,0.0,0.0,0.0,0.0,0.0,1.0
123393373988,Release debQ v3.91.0 / Citas v1.55.0 / Mobile v1.50.0,2023-07-04,2023-07-05,Marketing Information,724,306.0,718.0,6.0,0.0,7.0,0.0,252.0,1771.0,0.0,795.0,0.0,6.0,0.0,0.0,1047.0
123280436087,Newsletter - 4 de julio,2023-07-03,2023-07-04,Debmedia Blog Subscription,250,94.0,250.0,0.0,0.0,8.0,0.0,149.0,1284.0,0.0,885.0,0.0,0.0,0.0,0.0,1034.0
122028362355,Invitación México Cena evento Banca 20 julio,2023-06-23,2023-07-03,Marketing Information,27,8.0,25.0,2.0,0.0,0.0,2.0,0.0,27.0,0.0,0.0,0.0,2.0,0.0,0.0,0.0
122540932972,Invitación Cena evento Banca Colombia (Clon4),2023-06-27,2023-06-27,Marketing Information,3,2.0,3.0,0.0,0.0,1.0,2.0,0.0,3.0,0.0,0.0,0.0,0.0,0.0,0.0,0.0
120195885672,3ra Invitación Cena evento Banca Colombia,2023-06-14,2023-06-27,Marketing Information,53,11.0,48.0,5.0,0.0,0.0,1.0,11.0,66.0,0.0,2.0,0.0,5.0,0.0,0.0,13.0
121569016583,Newsletter - 27 de junio,2023-06-21,2023-06-27,Debmedia Blog Subscription,255,80.0,254.0,1.0,0.0,4.0,0.0,201.0,1638.0,0.0,1182.0,1.0,0.0,0.0,1.0,1383.0
122072206777,Invitación Cena evento Banca Colombia (Clon3),2023-06-23,2023-06-23,Marketing Information,1,1.0,1.0,0.0,0.0,0.0,1.0,0.0,1.0,0.0,0.0,0.0,0.0,0.0,0.0,0.0
120197912924,2da Invitación Cena evento Banca Colombia,2023-06-14,2023-06-23,Marketing Information,54,16.0,47.0,7.0,0.0,1.0,3.0,9.0,65.0,0.0,2.0,2.0,5.0,0.0,2.0,11.0
122028262479,Invitación Cena evento Banca Colombia (Clon 2),2023-06-23,2023-06-23,Marketing Information,4,2.0,2.0,2.0,0.0,1.0,1.0,0.0,4.0,0.0,0.0,0.0,2.0,0.0,0.0,0.0
120404889942,Comunicado Mantenimiento sobre todos los ambientes del aplicativo 02/07 (Clon),2023-06-15,2023-06-23,Marketing Information,137,73.0,136.0,1.0,0.0,0.0,0.0,36.0,231.0,0.0,58.0,0.0,1.0,0.0,0.0,94.0
120394469156,Comunicado Mantenimiento sobre todos los ambientes del aplicativo 02/07,2023-06-15,2023-06-23,Marketing Information,739,307.0,720.0,19.0,1.0,9.0,0.0,238.0,1747.0,0.0,770.0,12.0,7.0,0.0,13.0,1008.0
121523333163,Invitación Cena evento Banca Colombia (Clon),2023-06-20,2023-06-20,Marketing Information,2,0.0,2.0,0.0,0.0,0.0,0.0,0.0,4.0,0.0,2.0,0.0,0.0,0.0,0.0,2.0
120196168502,Invitación Cena evento Banca Colombia,2023-06-14,2023-06-20,Marketing Information,52,17.0,45.0,7.0,0.0,1.0,4.0,7.0,61.0,0.0,2.0,2.0,5.0,0.0,2.0,9.0
119841770559,Newsletter - 13 de junio,2023-06-12,2023-06-13,Debmedia Blog Subscription,258,79.0,258.0,0.0,0.0,3.0,0.0,147.0,1281.0,0.0,876.0,0.0,0.0,0.0,0.0,1023.0
118908829954,Newsletter - 6 de junio,2023-06-05,2023-06-06,Debmedia Blog Subscription,264,89.0,263.0,1.0,0.0,6.0,0.0,146.0,1280.0,0.0,870.0,0.0,1.0,0.0,0.0,1016.0
117738864561,Newsletter - 30 mayo,2023-05-29,2023-05-30,Debmedia Blog Subscription,267,97.0,266.0,1.0,1.0,4.0,0.0,145.0,1278.0,0.0,866.0,0.0,1.0,0.0,1.0,1011.0
88574831154,Autoresponder Form Partners Final,2022-10-18,2023-05-29,Nada,56,36.0,55.0,1.0,0.0,2.0,19.0,0.0,56.0,0.0,0.0,1.0,0.0,0.0,1.0,0.0
117698833330,Preguntas Webinar Partners Mejores Prácticas del Sistema,2023-05-29,2023-05-29,Marketing Information,120,54.0,119.0,1.0,0.0,0.0,3.0,23.0,233.0,0.0,90.0,0.0,1.0,0.0,0.0,113.0
116665751613,Newsletter - 23 mayo,2023-05-23,2023-05-23,Debmedia Blog Subscription,278,99.0,277.0,1.0,1.0,4.0,0.0,142.0,1276.0,0.0,856.0,0.0,1.0,0.0,1.0,998.0
115590823234,Newsletter - 16 mayo,2023-05-15,2023-05-16,Debmedia Blog Subscription,279,95.0,278.0,1.0,1.0,3.0,0.0,142.0,1274.0,0.0,853.0,0.0,1.0,0.0,1.0,995.0
114905716804,Release debQ v3.90.0 / Citas v1.54.0 / Mobile v1.49.0,2023-05-09,2023-05-09,Marketing Information,740,307.0,728.0,12.0,1.0,8.0,0.0,224.0,1621.0,0.0,657.0,6.0,6.0,0.0,7.0,881.0
114689043296,Newsletter - 9 mayo,2023-05-08,2023-05-09,Debmedia Blog Subscription,285,98.0,284.0,1.0,1.0,5.0,0.0,139.0,1271.0,0.0,847.0,0.0,1.0,0.0,1.0,986.0
114302929783,Mail 1: Campaña ebook transformación digital en los canales de atención,2023-05-04,2023-05-04,Nada,731,387.0,713.0,18.0,4.0,322.0,0.0,8.0,740.0,0.0,1.0,17.0,1.0,0.0,21.0,9.0
114056225626,En- Primer Mail Autoresponder,2023-05-03,2023-05-03,Marketing Information,1,1.0,1.0,0.0,0.0,0.0,0.0,0.0,1.0,0.0,0.0,0.0,0.0,0.0,0.0,0.0
114054992031,Pt- Primer Mail Autoresponder,2023-05-03,2023-05-03,Marketing Information,4,2.0,3.0,1.0,0.0,0.0,0.0,0.0,5.0,0.0,1.0,1.0,0.0,0.0,1.0,1.0
113827101259,Newsletter - 2 mayo,2023-05-02,2023-05-02,Debmedia Blog Subscription,289,98.0,287.0,2.0,0.0,4.0,0.0,137.0,1270.0,0.0,844.0,1.0,1.0,0.0,1.0,981.0
112605537692,Newsletter - 25 abril,2023-04-24,2023-04-25,Debmedia Blog Subscription,298,87.0,297.0,1.0,0.0,5.0,0.0,137.0,1268.0,0.0,833.0,0.0,1.0,0.0,0.0,970.0
111031675177,Newsletter - 18 abril,2023-04-14,2023-04-18,Debmedia Blog Subscription,302,89.0,301.0,1.0,1.0,5.0,0.0,134.0,1266.0,0.0,830.0,0.0,1.0,0.0,1.0,964.0
111371697459,3ra Invitación Tempetié Abril Argentina Banca,2023-04-17,2023-04-17,Marketing Information,27,5.0,25.0,2.0,0.0,0.0,1.0,1.0,30.0,0.0,2.0,0.0,2.0,0.0,0.0,3.0
110687076531,2da Invitación Tempetié Abril Argentina Banca,2023-04-12,2023-04-13,Marketing Information,26,9.0,24.0,2.0,0.0,0.0,3.0,1.0,29.0,0.0,2.0,0.0,2.0,0.0,0.0,3.0
110347596369,Newsletter - 11 abril,2023-04-10,2023-04-11,Debmedia Blog Subscription,307,98.0,306.0,1.0,1.0,8.0,0.0,132.0,1264.0,0.0,825.0,0.0,1.0,0.0,1.0,957.0
110368237911,Invitación Tempetié Abril Argentina Banca,2023-04-10,2023-04-10,Marketing Information,29,10.0,27.0,2.0,0.0,2.0,2.0,1.0,32.0,0.0,2.0,0.0,2.0,0.0,0.0,3.0
109491566968,Newsletter - 4 abril,2023-04-04,2023-04-04,Debmedia Blog Subscription,309,116.0,308.0,1.0,2.0,9.0,0.0,130.0,1262.0,0.0,823.0,0.0,1.0,0.0,2.0,953.0
80134764329,Mail 4: Campaña ebook Salud MX,2022-07-25,2023-04-04,Nada,256,100.0,256.0,0.0,2.0,3.0,0.0,17.0,274.0,0.0,1.0,0.0,0.0,0.0,2.0,18.0
80134764042,Mail 3: Campaña ebook Salud MX,2022-07-25,2023-04-04,Nada,263,101.0,263.0,0.0,4.0,7.0,0.0,11.0,274.0,1.0,0.0,0.0,0.0,0.0,5.0,11.0
80128981083,Mail 2: Campaña ebook Salud MX,2022-07-25,2023-04-04,Nada,445,187.0,444.0,1.0,9.0,10.0,0.0,10.0,455.0,0.0,0.0,1.0,0.0,0.0,10.0,10.0
109028956005,Mail envío de material y grabación Partners Marzo 2023,2023-03-31,2023-03-31,Nada,136,65.0,134.0,2.0,0.0,13.0,3.0,21.0,229.0,0.0,72.0,0.0,2.0,0.0,0.0,93.0
106787903525,Mail 3: Recordatorio 15 min Webinar Partners,2023-03-16,2023-03-29,Nada,138,59.0,136.0,2.0,0.0,18.0,1.0,21.0,229.0,0.0,70.0,0.0,2.0,0.0,0.0,91.0
106776808063,Confirmación registro Webinar Partners Marzo,2023-03-16,2023-03-29,Nada,41,33.0,41.0,0.0,0.0,10.0,0.0,0.0,43.0,0.0,2.0,0.0,0.0,0.0,0.0,2.0
108667692299,Mail 3: Recordatorio 1hora min Webinar Partners,2023-03-29,2023-03-29,Nada,139,61.0,137.0,2.0,0.0,7.0,0.0,21.0,229.0,0.0,69.0,0.0,2.0,0.0,0.0,90.0
108255519259,Newsletter - 28 Marzo,2023-03-27,2023-03-28,Debmedia Blog Subscription,324,116.0,323.0,1.0,0.0,4.0,0.0,131.0,1261.0,0.0,806.0,0.0,1.0,0.0,0.0,937.0
106772720403,Mail 2: Invitación Webinar Partners marzo 2023,2023-03-16,2023-03-27,Nada,140,59.0,137.0,3.0,0.0,12.0,1.0,20.0,229.0,0.0,69.0,1.0,2.0,0.0,1.0,89.0
106772652979,Mail 1: Invitación Webinar Partners Marzo 2023,2023-03-16,2023-03-22,Nada,129,61.0,127.0,2.0,0.0,16.0,0.0,20.0,229.0,0.0,80.0,0.0,2.0,0.0,0.0,100.0
107157419958,Newsletter - 21 Marzo,2023-03-20,2023-03-21,Debmedia Blog Subscription,327,121.0,326.0,1.0,0.0,4.0,0.0,132.0,1260.0,0.0,801.0,0.0,1.0,0.0,0.0,933.0
106440444475,Release debQ v3.89.0 / Citas v1.53.0 / Mobile v1.48.0,2023-03-14,2023-03-15,Marketing Information,731,293.0,715.0,16.0,0.0,5.0,0.0,208.0,1552.0,0.0,613.0,10.0,6.0,0.0,10.0,821.0
106239127598,Newsletter - 14 Marzo,2023-03-13,2023-03-14,Debmedia Blog Subscription,330,93.0,328.0,2.0,1.0,6.0,0.0,130.0,1256.0,0.0,796.0,1.0,1.0,0.0,2.0,926.0
105409654845,Newsletter - 7 Marzo,2023-03-07,2023-03-07,Debmedia Blog Subscription,336,109.0,335.0,1.0,1.0,6.0,0.0,128.0,1254.0,0.0,790.0,0.0,1.0,0.0,1.0,918.0
104007893151,Newsletter - 28 febrero,2023-02-24,2023-03-01,Debmedia Blog Subscription,345,112.0,343.0,2.0,0.0,7.0,0.0,127.0,1254.0,0.0,782.0,1.0,1.0,0.0,1.0,909.0
102818267576,Newsletter - 21 febrero,2023-02-16,2023-02-21,Debmedia Blog Subscription,357,112.0,356.0,1.0,1.0,3.0,0.0,125.0,1253.0,0.0,771.0,1.0,0.0,0.0,2.0,896.0
102028681392,Newsletter - 14 febrero,2023-02-10,2023-02-14,Debmedia Blog Subscription,366,111.0,366.0,0.0,1.0,8.0,0.0,124.0,1252.0,0.0,762.0,0.0,0.0,0.0,1.0,886.0
101515147353,Newsletter - 7 febrero,2023-02-07,2023-02-07,Debmedia Blog Subscription,383,130.0,381.0,2.0,0.0,9.0,0.0,122.0,1252.0,0.0,747.0,2.0,0.0,0.0,2.0,869.0
95852069527,Encuesta de satisfacción - enero 2023,2022-12-19,2023-01-30,Nada,125,33.0,122.0,3.0,0.0,3.0,0.0,11.0,158.0,0.0,22.0,2.0,1.0,0.0,2.0,33.0
42025906953,Pedido de datos para proyectos,2021-02-26,2023-01-25,Equipo de Sales & Marketing,14,13.0,14.0,0.0,0.0,5.0,4.0,0.0,14.0,0.0,0.0,0.0,0.0,0.0,0.0,0.0
37197442644,Pedido de datos para piloto,2020-11-06,2023-01-25,Equipo de Sales & Marketing,63,29.0,63.0,0.0,0.0,12.0,5.0,13.0,89.0,0.0,13.0,0.0,0.0,0.0,0.0,26.0
36105456660,Alta de licencia para partners,2020-10-15,2023-01-25,Equipo de Sales & Marketing,0,,,,,,,,,,,,,,,
21208385422,Fin de Entrenamiento Técnico,2019-11-14,2023-01-25,One to One,0,,,,,,,,,,,,,,,
21216609545,Solicitud de contactos para capacitar,2019-11-14,2023-01-25,One to One,5,2.0,5.0,0.0,0.0,0.0,0.0,0.0,5.0,0.0,0.0,0.0,0.0,0.0,0.0,0.0
21132196661,Inicio del proceso de Onboarding Debmedia,2019-11-13,2023-01-25,Equipo de Sales & Marketing,122,80.0,122.0,0.0,0.0,56.0,7.0,1.0,124.0,0.0,1.0,0.0,0.0,0.0,0.0,2.0
48792726884,Customer Success,2021-06-14,2023-01-25,Equipo de Sales & Marketing,23,7.0,23.0,0.0,0.0,0.0,0.0,3.0,32.0,0.0,6.0,0.0,0.0,0.0,0.0,9.0
34149433854,Flujo Deal - Email 5,2020-08-26,2023-01-25,Marketing Information,1797,540.0,1775.0,22.0,8.0,39.0,1.0,135.0,2408.0,0.0,476.0,2.0,20.0,0.0,10.0,611.0
33855517787,Flujo Deal - Email 4,2020-08-19,2023-01-25,Marketing Information,1824,435.0,1800.0,24.0,7.0,27.0,0.0,126.0,2413.0,0.0,463.0,2.0,22.0,0.0,9.0,589.0
33855051308,Flujo Deal - Email 3,2020-08-19,2023-01-25,Marketing Information,1864,504.0,1839.0,25.0,11.0,34.0,0.0,109.0,2426.0,0.0,453.0,4.0,21.0,0.0,15.0,562.0
30642978340,Flujo Deal - Email 2,2020-06-13,2023-01-25,Marketing Information,1867,613.0,1829.0,38.0,10.0,83.0,1.0,82.0,2444.0,0.0,495.0,16.0,22.0,0.0,26.0,577.0
30642985058,Flujo Deal - Email 1,2020-06-13,2023-01-25,Marketing Information,1760,462.0,1739.0,21.0,8.0,48.0,0.0,148.0,2402.0,0.0,494.0,1.0,20.0,0.0,9.0,642.0
98290246533,Mantenimiento sobre el sistema 15/01,2023-01-12,2023-01-12,Marketing Information,681,277.0,679.0,2.0,1.0,4.0,0.0,198.0,1473.0,0.0,594.0,1.0,1.0,0.0,2.0,792.0
60546827837,Suscripción Newsletter,2021-11-25,2022-12-26,Debmedia Blog Subscription,2015,820.0,1960.0,55.0,28.0,14.0,0.0,22.0,2053.0,0.0,16.0,51.0,4.0,0.0,79.0,38.0
96076200724,Mail 9: Campaña ebook Salud MX,2022-12-21,2022-12-21,Nada,489,125.0,489.0,0.0,3.0,1.0,0.0,33.0,522.0,0.0,0.0,0.0,0.0,0.0,3.0,33.0
96080871294,Mail 8: Campaña ebook Salud MX,2022-12-21,2022-12-21,Nada,640,177.0,638.0,2.0,4.0,3.0,0.0,28.0,668.0,0.0,0.0,2.0,0.0,0.0,6.0,28.0
95866223506,Newsletter - 20 dic,2022-12-19,2022-12-20,Debmedia Blog Subscription,396,119.0,394.0,2.0,0.0,11.0,0.0,120.0,1245.0,0.0,729.0,2.0,0.0,0.0,2.0,849.0
80134765463,Mail 7: Campaña ebook Salud MX,2022-07-25,2022-12-19,Nada,647,101.0,643.0,4.0,5.0,8.0,0.0,53.0,703.0,0.0,3.0,4.0,0.0,0.0,9.0,56.0
84033112999,Mail 6: Campaña ebook Salud MX,2022-09-05,2022-12-19,Nada,654,96.0,654.0,0.0,4.0,12.0,0.0,49.0,703.0,0.0,0.0,0.0,0.0,0.0,4.0,49.0
95880436295,Mail 5: Campaña ebook Salud MX,2022-12-19,2022-12-19,Nada,0,,,,,,,,,,,,,,,
80132695352,Mail 1: Campaña ebook Salud MX,2022-07-25,2022-12-19,Nada,968,399.0,957.0,11.0,11.0,210.0,0.0,7.0,977.0,0.0,2.0,11.0,0.0,0.0,22.0,9.0
95119224239,Newsletter - 13 dic,2022-12-12,2022-12-13,Debmedia Blog Subscription,401,119.0,399.0,2.0,0.0,14.0,0.0,118.0,1240.0,0.0,721.0,2.0,0.0,0.0,2.0,839.0
94757073784,Video grabación webinar partners diciembre 2022,2022-12-09,2022-12-09,Nada,113,58.0,113.0,0.0,1.0,13.0,0.0,15.0,198.0,0.0,70.0,0.0,0.0,0.0,1.0,85.0
93482761299,Actualización debQ v3.88.0 / Citas v1.52.0 / Mobile v1.47.0,2022-11-29,2022-12-07,Marketing Information,671,246.0,669.0,2.0,1.0,5.0,0.0,189.0,1426.0,0.0,566.0,1.0,1.0,0.0,2.0,755.0
94344296571,Recordatorio 5 min antes Demo producto MX,2022-12-06,2022-12-06,Nada,55,17.0,54.0,1.0,0.0,4.0,0.0,5.0,65.0,0.0,5.0,0.0,1.0,0.0,0.0,10.0
94330953501,Recordatorio 1 hora antes Demo producto MX ,2022-12-06,2022-12-06,Nada,58,15.0,57.0,1.0,0.0,3.0,0.0,5.0,65.0,0.0,2.0,0.0,1.0,0.0,0.0,7.0
94206450694,2da Invitación webinar Demo Producto MX,2022-12-05,2022-12-05,Nada,58,13.0,57.0,1.0,0.0,3.0,1.0,5.0,65.0,0.0,2.0,0.0,1.0,0.0,0.0,7.0
93942755431,Mantenimiento sobre el sistema 04/12,2022-12-02,2022-12-02,Marketing Information,689,258.0,684.0,5.0,2.0,3.0,0.0,184.0,1415.0,0.0,542.0,3.0,2.0,0.0,5.0,726.0
93075890969,2da invitación webinar partners diciembre 2022,2022-11-25,2022-12-02,Nada,117,64.0,117.0,0.0,0.0,9.0,1.0,15.0,197.0,0.0,65.0,0.0,0.0,0.0,0.0,80.0
93358673587,Newsletter - 29 nov,2022-11-28,2022-11-29,Debmedia Blog Subscription,401,113.0,401.0,0.0,0.0,4.0,0.0,116.0,1228.0,0.0,711.0,0.0,0.0,0.0,0.0,827.0
92947097470,Invitación webinar partners diciembre 2022,2022-11-24,2022-11-28,Nada,116,71.0,116.0,0.0,0.0,17.0,0.0,15.0,193.0,0.0,62.0,0.0,0.0,0.0,0.0,77.0
93074894880,Confirmación registro Webinar Partners,2022-11-25,2022-11-25,Nada,40,26.0,40.0,0.0,0.0,15.0,0.0,0.0,42.0,0.0,2.0,0.0,0.0,0.0,0.0,2.0
91001970005,Envío 2 Calificación Capterra,2022-11-08,2022-11-24,Nada,1062,361.0,1031.0,31.0,2.0,22.0,0.0,209.0,1833.0,0.0,562.0,5.0,26.0,0.0,7.0,771.0
92073554215,Invitación webinar Demo Producto MX,2022-11-17,2022-11-23,Nada,48,12.0,48.0,0.0,0.0,3.0,0.0,1.0,50.0,0.0,1.0,0.0,0.0,0.0,0.0,2.0
92199468357,Recordatorio 15 min Demo producto MX,2022-11-18,2022-11-22,Nada,0,,,,,,,,,,,,,,,
92199131740,Confirmación registro Webinar Demo Producto MX,2022-11-18,2022-11-22,Nada,17,9.0,17.0,0.0,0.0,2.0,0.0,0.0,17.0,0.0,0.0,0.0,0.0,0.0,0.0,0.0
92086012546,Confirmación registro webinar Conecta salud 1 dic 22,2022-11-17,2022-11-22,Nada,84,44.0,83.0,1.0,0.0,14.0,0.0,1.0,85.0,0.0,0.0,1.0,0.0,0.0,1.0,1.0
92086451477,Recordatorio 15 min antes webinar Conecta salud 1 dic 22 (Clon),2022-11-17,2022-11-22,Nada,83,49.0,83.0,0.0,0.0,32.0,0.0,2.0,85.0,0.0,0.0,0.0,0.0,0.0,0.0,2.0
92294488334,Newsletter - 22 nov,2022-11-19,2022-11-22,Debmedia Blog Subscription,401,127.0,401.0,0.0,1.0,18.0,0.0,113.0,1220.0,0.0,706.0,0.0,0.0,0.0,1.0,819.0
90993170280,Envío 1 Calificación Capterra,2022-11-08,2022-11-17,Nada,1081,298.0,1050.0,31.0,1.0,60.0,0.0,200.0,1806.0,0.0,525.0,6.0,25.0,0.0,7.0,725.0
91934668450,Novedad con Mantenimiento sobre Fila Virtual 16/11,2022-11-16,2022-11-16,Marketing Information,706,279.0,704.0,2.0,1.0,0.0,0.0,179.0,1412.0,0.0,527.0,0.0,2.0,0.0,1.0,706.0
91791450996,Mail Mantenimiento sobre Fila Virtual 16/11,2022-11-15,2022-11-15,Marketing Information,727,307.0,722.0,5.0,2.0,0.0,0.0,178.0,1425.0,0.0,520.0,3.0,2.0,0.0,5.0,698.0
91763506269,Newsletter - 15 nov,2022-11-15,2022-11-15,Debmedia Blog Subscription,404,126.0,403.0,1.0,0.0,6.0,0.0,111.0,1217.0,0.0,702.0,1.0,0.0,0.0,1.0,813.0
90449200972,Recordatorio Mail Migración Servicio Plantillas BI (Clon),2022-11-03,2022-11-09,Marketing Information,167,54.0,162.0,5.0,0.0,3.0,0.0,45.0,248.0,0.0,36.0,0.0,5.0,0.0,0.0,81.0
90548337533,Newsletter - 8 nov,2022-11-04,2022-11-08,Debmedia Blog Subscription,409,124.0,409.0,0.0,0.0,6.0,0.0,111.0,1215.0,0.0,695.0,0.0,0.0,0.0,0.0,806.0
90267171211,Mail Migración Servicio Plantillas BI,2022-11-02,2022-11-04,Marketing Information,208,72.0,198.0,10.0,0.0,5.0,0.0,40.0,248.0,0.0,0.0,3.0,7.0,0.0,3.0,40.0
90295844151,Mail 7: Flujo caso éxito banco Supervielle,2022-11-02,2022-11-02,Nada,14,4.0,14.0,0.0,1.0,1.0,0.0,2.0,16.0,0.0,0.0,0.0,0.0,0.0,1.0,2.0
90295615876,Mail 6: Flujo caso éxito banco Supervielle,2022-11-02,2022-11-02,Nada,6,5.0,6.0,0.0,0.0,0.0,0.0,0.0,6.0,0.0,0.0,0.0,0.0,0.0,0.0,0.0
90295843588,Mail 5: Flujo caso éxito banco Supervielle,2022-11-02,2022-11-02,Nada,10,6.0,10.0,0.0,0.0,0.0,0.0,1.0,11.0,0.0,0.0,0.0,0.0,0.0,0.0,1.0
90293869649,Mail 4: Flujo caso éxito banco Supervielle,2022-11-02,2022-11-02,Nada,10,5.0,10.0,0.0,0.0,0.0,0.0,1.0,11.0,0.0,0.0,0.0,0.0,0.0,0.0,1.0
90295842675,Mail 3: Flujo caso éxito Banco Supervielle,2022-11-02,2022-11-02,Nada,18,11.0,18.0,0.0,1.0,0.0,0.0,1.0,19.0,0.0,0.0,0.0,0.0,0.0,1.0,1.0
90288975934,Mail 2: Flujo caso éxito Banco Supervielle,2022-11-02,2022-11-02,Nada,3,0.0,3.0,0.0,0.0,0.0,0.0,0.0,3.0,0.0,0.0,0.0,0.0,0.0,0.0,0.0
90288334952,Mail 1: Flujo caso éxito Banco Supervielle,2022-11-02,2022-11-02,Nada,22,19.0,22.0,0.0,0.0,18.0,0.0,0.0,22.0,0.0,0.0,0.0,0.0,0.0,0.0,0.0
89811726096,Mail 7: Flujo caso éxito banca Bica,2022-10-28,2022-10-28,Nada,20,4.0,20.0,0.0,1.0,0.0,0.0,3.0,25.0,0.0,2.0,0.0,0.0,0.0,1.0,5.0
89811906613,Mail 7: Flujo caso éxito banca Itaú,2022-10-28,2022-10-28,Nada,9,2.0,9.0,0.0,0.0,0.0,0.0,2.0,12.0,0.0,1.0,0.0,0.0,0.0,0.0,3.0
89811725658,Mail 7: Flujo caso éxito banca Credicentro,2022-10-28,2022-10-28,Nada,30,8.0,30.0,0.0,0.0,0.0,0.0,2.0,33.0,0.0,1.0,0.0,0.0,0.0,0.0,3.0
89810056272,Mail 7: Flujo caso éxito banca HIR CASA,2022-10-28,2022-10-28,Nada,3,1.0,3.0,0.0,0.0,1.0,0.0,1.0,4.0,0.0,0.0,0.0,0.0,0.0,0.0,1.0
89695360178,Mail 6: Flujo caso éxito banca HIR CASA,2022-10-27,2022-10-27,Nada,2,1.0,2.0,0.0,0.0,0.0,0.0,0.0,2.0,0.0,0.0,0.0,0.0,0.0,0.0,0.0
89696371044,Mail 5: Flujo caso éxito banco HIR CASA,2022-10-27,2022-10-27,Nada,3,3.0,3.0,0.0,0.0,1.0,0.0,0.0,3.0,0.0,0.0,0.0,0.0,0.0,0.0,0.0
89695206481,Mail 4: Flujo caso éxito banca HIR CASA,2022-10-27,2022-10-27,Nada,3,2.0,3.0,0.0,0.0,0.0,0.0,0.0,3.0,0.0,0.0,0.0,0.0,0.0,0.0,0.0
89696370742,Mail 3: Flujo caso éxito banca HIR CASA,2022-10-27,2022-10-27,Nada,4,3.0,4.0,0.0,0.0,1.0,0.0,0.0,4.0,0.0,0.0,0.0,0.0,0.0,0.0,0.0
89695228541,Mail 2: Flujo caso éxito banca HIR CASA,2022-10-27,2022-10-27,Nada,2,1.0,2.0,0.0,0.0,0.0,0.0,0.0,2.0,0.0,0.0,0.0,0.0,0.0,0.0,0.0
89695224087,Mail 1: Flujo caso éxito banca HIR CASA,2022-10-27,2022-10-27,Nada,5,4.0,5.0,0.0,0.0,4.0,0.0,0.0,6.0,0.0,1.0,0.0,0.0,0.0,0.0,1.0
89695203507,Mail 2: Flujo caso éxito banca Credicentro,2022-10-27,2022-10-27,Nada,0,,,,,,,,,,,,,,,
89695197002,Mail 2: Flujo caso éxito banca Credicentro,2022-10-27,2022-10-27,Nada,21,2.0,21.0,0.0,0.0,0.0,0.0,1.0,23.0,0.0,1.0,0.0,0.0,0.0,0.0,2.0
89690673529,Mail 2: Flujo caso éxito banca Itaú,2022-10-27,2022-10-27,Nada,5,0.0,5.0,0.0,0.0,0.0,0.0,1.0,6.0,0.0,0.0,0.0,0.0,0.0,0.0,1.0
89685920944,Mail 1: Flujo caso éxito banca Itaú,2022-10-27,2022-10-27,Nada,15,9.0,14.0,1.0,0.0,5.0,0.0,0.0,15.0,0.0,0.0,1.0,0.0,0.0,1.0,0.0
89695354491,Mail 6: Flujo caso éxito banca Credicentro,2022-10-27,2022-10-27,Nada,1,1.0,1.0,0.0,0.0,0.0,0.0,0.0,1.0,0.0,0.0,0.0,0.0,0.0,0.0,0.0
89694818079,Mail 5: Flujo caso éxito banco Credicentro,2022-10-27,2022-10-27,Nada,2,1.0,2.0,0.0,0.0,0.0,0.0,0.0,2.0,0.0,0.0,0.0,0.0,0.0,0.0,0.0
89694817858,Mail 4: Flujo caso éxito banca Credicentro,2022-10-27,2022-10-27,Nada,2,2.0,2.0,0.0,0.0,0.0,0.0,0.0,2.0,0.0,0.0,0.0,0.0,0.0,0.0,0.0
89695352655,Mail 3: Flujo caso éxito banca Credicentro,2022-10-27,2022-10-27,Nada,11,4.0,11.0,0.0,0.0,0.0,0.0,0.0,11.0,0.0,0.0,0.0,0.0,0.0,0.0,0.0
89695194900,Mail 1: Flujo caso éxito banca Credicentro,2022-10-27,2022-10-27,Nada,32,11.0,32.0,0.0,1.0,4.0,0.0,0.0,34.0,0.0,2.0,0.0,0.0,0.0,1.0,2.0
89694812733,Mail 6: Flujo caso éxito banca Itaú,2022-10-27,2022-10-27,Nada,3,3.0,3.0,0.0,0.0,0.0,0.0,0.0,3.0,0.0,0.0,0.0,0.0,0.0,0.0,0.0
89692807855,Mail 5: Flujo caso éxito banco Itaú,2022-10-27,2022-10-27,Nada,6,3.0,6.0,0.0,0.0,0.0,0.0,0.0,6.0,0.0,0.0,0.0,0.0,0.0,0.0,0.0
89692565365,Mail 4: Flujo caso éxito banca Itaú,2022-10-27,2022-10-27,Nada,6,3.0,6.0,0.0,0.0,0.0,0.0,0.0,6.0,0.0,0.0,0.0,0.0,0.0,0.0,0.0
89692989511,Mail 3: Flujo caso éxito banca Itaú,2022-10-27,2022-10-27,Nada,9,6.0,9.0,0.0,0.0,0.0,0.0,0.0,9.0,0.0,0.0,0.0,0.0,0.0,0.0,0.0
89676157349,Mail 5: Flujo caso éxito banca Bica,2022-10-27,2022-10-27,Nada,5,4.0,5.0,0.0,0.0,0.0,0.0,0.0,5.0,0.0,0.0,0.0,0.0,0.0,0.0,0.0
89676979241,Mail 6: Flujo caso éxito banca Bica,2022-10-27,2022-10-27,Nada,4,2.0,4.0,0.0,0.0,0.0,0.0,0.0,4.0,0.0,0.0,0.0,0.0,0.0,0.0,0.0
89672053865,Mail 4: Flujo caso éxito banca Bica,2022-10-27,2022-10-27,Nada,5,4.0,5.0,0.0,0.0,0.0,0.0,0.0,5.0,0.0,0.0,0.0,0.0,0.0,0.0,0.0
89678814822,Mail 3: Flujo caso éxito banca Bica,2022-10-27,2022-10-27,Nada,9,5.0,9.0,0.0,0.0,1.0,0.0,1.0,10.0,0.0,0.0,0.0,0.0,0.0,0.0,1.0
89671038040,Mail 2: Flujo caso éxito banca Bica,2022-10-27,2022-10-27,Nada,16,2.0,16.0,0.0,0.0,1.0,0.0,1.0,19.0,0.0,2.0,0.0,0.0,0.0,0.0,3.0
89670068082,Mail 1: Flujo caso éxito banca Bica,2022-10-27,2022-10-27,Nada,26,10.0,26.0,0.0,1.0,3.0,0.0,1.0,29.0,0.0,2.0,0.0,0.0,0.0,1.0,3.0
81922441843,Mail 6: Flujo ebooks antiguos,2022-08-13,2022-10-26,Nada,899,116.0,893.0,6.0,5.0,0.0,0.0,159.0,1104.0,0.0,46.0,5.0,1.0,0.0,10.0,205.0
89330324765,Newsletter - 25 oct,2022-10-24,2022-10-25,Debmedia Blog Subscription,407,113.0,407.0,0.0,0.0,4.0,0.0,109.0,1207.0,0.0,691.0,0.0,0.0,0.0,0.0,800.0
89313529859,Invitación Almuerzo CECOMSA oct 2022,2022-10-24,2022-10-24,Nada,23,6.0,20.0,3.0,0.0,0.0,2.0,1.0,24.0,0.0,0.0,1.0,2.0,0.0,1.0,1.0
89278263626,Comunicado importante sobre la actualización versión 87,2022-10-24,2022-10-24,Marketing Information,709,289.0,704.0,5.0,3.0,13.0,0.0,171.0,1396.0,0.0,516.0,1.0,4.0,0.0,4.0,687.0
88204109704,Newsletter - 18 oct,2022-10-14,2022-10-18,Debmedia Blog Subscription,410,115.0,410.0,0.0,0.0,9.0,0.0,109.0,1198.0,0.0,679.0,0.0,0.0,0.0,0.0,788.0
88160677494,Actualización debQ v3.87.0 / Citas v1.51.0 / Mobile v1.46.0,2022-10-14,2022-10-18,Marketing Information,727,297.0,706.0,21.0,2.0,2.0,0.0,152.0,1388.0,0.0,509.0,16.0,5.0,0.0,18.0,661.0
80128982961,ELIMINAR,2022-07-25,2022-10-15,Nada,0,,,,,,,,,,,,,,,
87739874201,Newsletter - 11 oct,2022-10-11,2022-10-11,Debmedia Blog Subscription,414,122.0,413.0,1.0,0.0,7.0,0.0,107.0,1191.0,0.0,670.0,1.0,0.0,0.0,1.0,777.0
86861178718,Newsletter - 4 oct,2022-10-04,2022-10-04,Debmedia Blog Subscription,420,123.0,420.0,0.0,0.0,8.0,0.0,108.0,1186.0,0.0,658.0,0.0,0.0,0.0,0.0,766.0
86121875097,Newsletter - 27 septiembre,2022-09-26,2022-09-27,Debmedia Blog Subscription,443,143.0,442.0,1.0,0.0,8.0,0.0,107.0,1183.0,0.0,633.0,1.0,0.0,0.0,1.0,740.0
85764915000,Ebook Videollamada,2022-09-22,2022-09-23,Nada,75,24.0,69.0,6.0,1.0,2.0,0.0,920.0,3096.0,0.0,2101.0,5.0,1.0,0.0,6.0,3021.0
85477289874,Newsletter - 20 septiembre,2022-09-20,2022-09-20,Debmedia Blog Subscription,452,135.0,452.0,0.0,1.0,11.0,0.0,107.0,1176.0,0.0,617.0,0.0,0.0,0.0,1.0,724.0
84736205894,Mail 1: Flujo intentando comunicar,2022-09-13,2022-09-20,Nada,404,151.0,397.0,7.0,6.0,15.0,0.0,29.0,626.0,0.0,193.0,1.0,6.0,0.0,7.0,222.0
84736966504,Mail 2: Flujo intentando comunicar,2022-09-13,2022-09-20,Nada,331,108.0,326.0,5.0,0.0,3.0,0.0,30.0,531.0,0.0,170.0,1.0,4.0,0.0,1.0,200.0
79967074484,Mail 3: Flujo descargable Videollamadas,2022-07-22,2022-09-20,Nada,177,83.0,177.0,0.0,3.0,0.0,0.0,2.0,180.0,0.0,1.0,0.0,0.0,0.0,3.0,3.0
84801885592,RECORDATORIO 1 HORA ANTES WEBINAR PARTNERS SEP (Clon),2022-09-13,2022-09-13,Marketing Information,38,27.0,38.0,0.0,0.0,6.0,0.0,13.0,88.0,0.0,37.0,0.0,0.0,0.0,0.0,50.0
84736249400,Newsletter - 13 septiembre,2022-09-12,2022-09-13,Debmedia Blog Subscription,469,148.0,468.0,1.0,0.0,17.0,0.0,106.0,1167.0,0.0,592.0,1.0,0.0,0.0,1.0,698.0
84736243328,Mail 4: Flujo intentando comunicar,2022-09-13,2022-09-13,Nada,278,77.0,276.0,2.0,3.0,2.0,0.0,29.0,476.0,0.0,169.0,0.0,2.0,0.0,3.0,198.0
84736257357,Mail 3: Flujo intentando comunicar,2022-09-13,2022-09-13,Nada,298,75.0,296.0,2.0,0.0,11.0,0.0,30.0,497.0,0.0,169.0,0.0,2.0,0.0,0.0,199.0
79958224687,Mail 2: Flujo descargable Videollamadas,2022-07-22,2022-09-12,Nada,151,82.0,151.0,0.0,3.0,30.0,0.0,1.0,152.0,0.0,0.0,0.0,0.0,0.0,3.0,1.0
84394442830,Invitación Cena presencial México,2022-09-09,2022-09-12,Marketing Information,17,5.0,17.0,0.0,0.0,0.0,2.0,0.0,22.0,0.0,5.0,0.0,0.0,0.0,0.0,5.0
79957647616,Mail 1: Flujo descargables videollamadas,2022-07-22,2022-09-07,Nada,586,221.0,574.0,12.0,2.0,137.0,0.0,7.0,593.0,0.0,0.0,12.0,0.0,0.0,14.0,7.0
84022172426,Newsletter - 6 septiembre,2022-09-05,2022-09-06,Debmedia Blog Subscription,483,130.0,483.0,0.0,0.0,5.0,0.0,104.0,1163.0,0.0,576.0,0.0,0.0,0.0,0.0,680.0
79968602162,Mail 7: Flujo descargable Videollamadas,2022-07-22,2022-09-06,Nada,389,69.0,388.0,1.0,3.0,0.0,0.0,24.0,413.0,0.0,0.0,0.0,1.0,0.0,3.0,24.0
79967075354,Mail 6: Flujo descargable Videollamadas,2022-07-22,2022-09-06,Nada,422,55.0,420.0,2.0,2.0,1.0,0.0,19.0,441.0,0.0,0.0,2.0,0.0,0.0,4.0,19.0
79967074862,Mail 5: Flujo descargable Videollamadas,2022-07-22,2022-09-06,Nada,432,67.0,429.0,3.0,1.0,0.0,0.0,23.0,455.0,0.0,0.0,1.0,2.0,0.0,2.0,23.0
79967182598,Mail 4: Flujo descargable Videollamadas,2022-07-22,2022-09-06,Nada,80,32.0,79.0,1.0,0.0,0.0,0.0,1.0,81.0,0.0,0.0,0.0,1.0,0.0,0.0,1.0
81920544817,Mail 5: Flujo ebooks antiguos,2022-08-13,2022-09-05,Nada,139,77.0,138.0,1.0,7.0,1.0,0.0,12.0,153.0,0.0,2.0,1.0,0.0,0.0,8.0,14.0
81920515422,Mail 4: Flujo ebooks antiguos,2022-08-13,2022-09-05,Nada,134,104.0,134.0,0.0,3.0,0.0,0.0,2.0,137.0,0.0,1.0,0.0,0.0,0.0,3.0,3.0
81920544799,Mail 3: Flujo ebooks antiguos,2022-08-13,2022-09-05,Nada,135,85.0,135.0,0.0,0.0,2.0,0.0,2.0,137.0,0.0,0.0,0.0,0.0,0.0,0.0,2.0
81920544784,Mail 2: Flujo ebooks antiguos,2022-08-13,2022-09-05,Nada,280,139.0,278.0,2.0,3.0,0.0,0.0,10.0,290.0,0.0,0.0,1.0,1.0,0.0,4.0,10.0
81919083807,Mail 1: Flujo ebooks antiguos,2022-08-13,2022-09-05,Nada,1209,333.0,1191.0,18.0,10.0,59.0,0.0,140.0,1395.0,1.0,46.0,17.0,1.0,0.0,28.0,186.0
81889028255,Mail 1: Flujo contactado abierto,2022-08-13,2022-09-05,Nada,1161,261.0,1143.0,18.0,11.0,23.0,0.0,101.0,2122.0,0.0,860.0,6.0,12.0,0.0,17.0,961.0
81912742306,Mail 2: Flujo contactado abierto,2022-08-13,2022-09-05,Nada,1046,244.0,1030.0,16.0,7.0,11.0,0.0,109.0,1974.0,0.0,819.0,2.0,14.0,0.0,9.0,928.0
81881822735,Mail 3: Flujo contactado abierto,2022-08-13,2022-09-05,Nada,984,170.0,969.0,15.0,4.0,7.0,0.0,116.0,1909.0,0.0,809.0,2.0,13.0,0.0,6.0,925.0
81881822740,Mail 4: Flujo contactado abierto,2022-08-13,2022-09-05,Nada,948,228.0,937.0,11.0,6.0,8.0,0.0,123.0,1884.0,0.0,813.0,1.0,10.0,0.0,7.0,936.0
83684487706,Segundo intento encuesta del servicio de soporte - 01 / Sep,2022-09-01,2022-09-02,Nada,22,16.0,22.0,0.0,0.0,11.0,0.0,0.0,24.0,0.0,2.0,0.0,0.0,0.0,0.0,2.0
83581432473,INVITACIÓN WEBINAR PARTNERS SEPTIEMBRE,2022-08-31,2022-09-01,Marketing Information,39,20.0,39.0,0.0,0.0,6.0,0.0,13.0,88.0,0.0,36.0,0.0,0.0,0.0,0.0,49.0
83585748374,CONFIRMACIÓN REGISTRO WEBINAR PARTNERS),2022-08-31,2022-08-31,Marketing Information,12,9.0,12.0,0.0,0.0,2.0,0.0,0.0,12.0,0.0,0.0,0.0,0.0,0.0,0.0,0.0
83490819841,Correo final de confirmación webinar Partner septiembre,2022-08-30,2022-08-31,Marketing Information,1,1.0,1.0,0.0,0.0,0.0,0.0,0.0,1.0,0.0,0.0,0.0,0.0,0.0,0.0,0.0
83377018120,Recordatorio 1 hora antes webinar Partner septiembre,2022-08-29,2022-08-31,Marketing Information,1,1.0,1.0,0.0,0.0,0.0,0.0,0.0,1.0,0.0,0.0,0.0,0.0,0.0,0.0,0.0
83371927297,Newsletter 30 agosto,2022-08-29,2022-08-30,Debmedia Blog Subscription,497,144.0,496.0,1.0,0.0,11.0,0.0,103.0,1158.0,0.0,558.0,0.0,1.0,0.0,0.0,661.0
82456125823,Newsletter - 23 de agosto,2022-08-19,2022-08-23,Debmedia Blog Subscription,503,157.0,503.0,0.0,1.0,7.0,0.0,103.0,1151.0,1.0,545.0,0.0,0.0,0.0,2.0,648.0
82686682455,Actualización Nueva versión Citas agosto (Clon),2022-08-22,2022-08-22,Marketing Information,530,170.0,512.0,18.0,1.0,19.0,0.0,87.0,915.0,0.0,298.0,13.0,5.0,0.0,14.0,385.0
82345415746,Actualización Nueva versión Citas agosto,2022-08-18,2022-08-22,Marketing Information,687,274.0,684.0,3.0,1.0,21.0,0.0,149.0,1323.0,0.0,487.0,0.0,3.0,0.0,1.0,636.0
82275868975,Actualización debQ v3.86.0 / Citas v1.50.0 / Mobile v1.45.0,2022-08-17,2022-08-19,Marketing Information,710,249.0,699.0,11.0,0.0,2.0,0.0,141.0,1323.0,0.0,472.0,7.0,4.0,0.0,7.0,613.0
81877374624,Newsletter - 16 de agosto,2022-08-12,2022-08-16,Debmedia Blog Subscription,415,115.0,415.0,0.0,0.0,5.0,0.0,102.0,1141.0,0.0,624.0,0.0,0.0,0.0,0.0,726.0
81439405593,Newsletter - 9 de agosto,2022-08-08,2022-08-09,Debmedia Blog Subscription,410,119.0,410.0,0.0,0.0,10.0,0.0,179.0,1769.0,0.0,1180.0,0.0,0.0,0.0,0.0,1359.0
80284907807,Newsletter - 2 de agosto,2022-07-27,2022-08-02,Debmedia Blog Subscription,404,123.0,404.0,0.0,0.0,11.0,0.0,97.0,1114.0,0.0,613.0,0.0,0.0,0.0,0.0,710.0
80794699376,Encuesta Feedback - 1/8/22,2022-08-01,2022-08-02,Nada,1,1.0,1.0,0.0,0.0,1.0,0.0,0.0,1.0,0.0,0.0,0.0,0.0,0.0,0.0,0.0
80241101601,Encuesta del servicio de soporte - 26 / 7,2022-07-26,2022-07-26,Nada,35,22.0,35.0,0.0,0.0,13.0,0.0,0.0,35.0,0.0,0.0,0.0,0.0,0.0,0.0,0.0
79949594283,Newsletter - 26 de julio,2022-07-22,2022-07-26,Debmedia Blog Subscription,406,113.0,406.0,0.0,0.0,8.0,0.0,96.0,1099.0,0.0,597.0,0.0,0.0,0.0,0.0,693.0
79220997756,Newsletter - 19 de julio,2022-07-14,2022-07-19,Debmedia Blog Subscription,404,91.0,403.0,1.0,0.0,6.0,0.0,95.0,1084.0,0.0,585.0,1.0,0.0,0.0,1.0,680.0
78562017115,Newsletter -12 de julio,2022-07-07,2022-07-12,Debmedia Blog Subscription,402,110.0,402.0,0.0,1.0,12.0,0.0,94.0,1069.0,0.0,573.0,0.0,0.0,0.0,1.0,667.0
77999307866,Newsletter - 5 de julio,2022-07-01,2022-07-05,Debmedia Blog Subscription,394,102.0,394.0,0.0,0.0,9.0,0.0,92.0,1052.0,0.0,566.0,0.0,0.0,0.0,0.0,658.0
77711194926,Actualización debQ v3.85.0 / Citas v1.49.0 / Mobile v1.44.0,2022-06-28,2022-06-29,Marketing Information,810,296.0,795.0,15.0,4.0,5.0,0.0,140.0,1512.0,0.0,562.0,3.0,12.0,0.0,7.0,702.0
77258378267,Newsletter - 28 de junio,2022-06-23,2022-06-28,Debmedia Blog Subscription,399,103.0,399.0,0.0,1.0,12.0,0.0,90.0,1041.0,0.0,552.0,0.0,0.0,0.0,1.0,642.0
76635000600,Newsletter - 21 de Jun,2022-06-16,2022-06-21,Debmedia Blog Subscription,397,119.0,397.0,0.0,0.0,6.0,0.0,90.0,1035.0,0.0,548.0,0.0,0.0,0.0,0.0,638.0
75831888309,Newsletter - 14 de Jun,2022-06-09,2022-06-14,Debmedia Blog Subscription,388,105.0,388.0,0.0,0.0,6.0,0.0,89.0,1020.0,0.0,543.0,0.0,0.0,0.0,0.0,632.0
75198389592,Newsletter - 7 de Jun,2022-06-02,2022-06-07,Debmedia Blog Subscription,382,95.0,382.0,0.0,1.0,8.0,0.0,88.0,1003.0,0.0,533.0,0.0,0.0,0.0,1.0,621.0
